de,para
Paris,Buenos Aires
Paris,Rome
Paris,London
Paris,Berlin
Paris,New york
Paris,Dublin
Paris,Cairo
Philadelphia,Buenos Aires
Philadelphia,Rome
Philadelphia,London
Philadelphia,Berlin
Philadelphia,New york
Philadelphia,Dublin
Philadelphia,Cairo
Boston,Buenos Aires
Boston,Rome
Boston,London
Boston,Berlin
Boston,New york
Boston,Dublin
Boston,Cairo
Portland,Buenos Aires
Portland,Rome
Portland,London
Portland,Berlin
Portland,New york
Portland,Dublin
Portland,Cairo
San Diego,Buenos Aires
San Diego,Rome
San Diego,London
San Diego,Berlin
San Diego,New york
San Diego,Dublin
San Diego,Cairo
Mexico City,Buenos Aires
Mexico City,Rome
Mexico City,London
Mexico City,Berlin
Mexico City,New york
Mexico City,Dublin
Mexico City,Cairo
São Paolo,Buenos Aires
São Paolo,Rome
São Paolo,London
São Paolo,Berlin
São Paolo,New york
São Paolo,Dublin
São Paolo,Cairo
